{
    "url": "http://localhost/help",
    "admin": {
        "url": "http://localhost/help"
    },
    "server": {
        "port": 2368,
        "host": "0.0.0.0"
    },
    "database": {
        "client": "mysql",
        "connection": {
            "host": "ghost-mysql",
            "port": 3306,
            "user": "root",
            "password": "ketl-help",
            "database": "ghost"
        }
    },
    "mail": {
        "transport": "Direct"
    },
    "logging": {
        "transports": ["stdout"]
    },
    "process": "local",
    "paths": {
        "contentPath": "/var/lib/ghost/content"
    },
    "imageOptimization": {
        "resize": false
    }
}